{
    "avg_daily_demand": 155.31051817079793,
    "safety_stock": 88.5087378039984,
    "reorder_point": 1175.682364999584,
    "eoq": 1042.6761852059274
}